<?xml version="1.0" encoding="UTF-8" standalone="yes"?>
<dnnParams>
    <networks>
        <network name="clasificacion-rps-quant" ordinal="0" type="">
            <inputTensors>
                <inputTensor persistency="1" ordinal="0" name="input_1:0" l2Offset="8273920" numOfDimensions="3" bitsPerElement="8" shift="0" scale="0.00390625" format="unsigned">
                    <dimensions>
                        <dimension size="28" serializationOrder="1" ordinal="0" padding="0"/>
                        <dimension size="28" serializationOrder="0" ordinal="1" padding="4"/>
                        <dimension size="1" serializationOrder="2" ordinal="2" padding="0"/>
                    </dimensions>
                </inputTensor>
            </inputTensors>
            <outputTensors>
                <outputTensor ordinal="0" name="transform-0-dense_post_activation:0" l2Offset="8279040" numOfDimensions="1" bitsPerElement="8" shift="0" scale="0.00390625" format="unsigned">
                    <dimensions>
                        <dimension size="10" serializationOrder="0" ordinal="0" padding="0"/>
                    </dimensions>
                </outputTensor>
            </outputTensors>
        </network>
    </networks>
    <l2memory totalSize="8388480" coefficientsSize="80768" reservedMemorySize="1024" networksRuntimeSize="33792"/>
</dnnParams>
